title,Embedded link,root link
M003_neu_1_001,1U_-HctiroN0veofH2A1IgkJmuXEgdhko,images/M003_neu_1_001.png
M009_neu_1_004,12lCzlq6S34nH5QoPFqt86ko1j9gWhJRI,images/M009_neu_1_004.png
W011_neu_1_005,1FirG4fJR9rTDHPnGPicV_Y9x8yR96gPg,images/W011_neu_1_005.png
W014_neu_1_006,1ack4FllBlUmrZfhlAcWedmGN0cFIqH7h,images/W014_neu_1_006.png
036-SEN-08,1Ca-NcCmefhxpDMLBzns93cRVGLpodYfG,images/036-SEN-08.png
037-SEN-03,1jQs1ulIQoGXqGANnxaSyNAniECKU7OxX,images/037-SEN-03.png
057-SEN-01,1orbTqhqqHd5vljPR9kFj8bWwZxr7WxM1,images/057-SEN-01.png
100-SEN-03,1BoA6MBjE6UaJ9FdnfiX42bZ56VZR3Pwl,images/100-SEN-03.png
W014_con_1_006,10NepFdipz1JA3W2GiRCc7BYh8tYgmjcK,images/W014_con_1_006.png
W014_fea_1_006,1ack4FllBlUmrZfhlAcWedmGN0cFIqH7h,images/W014_neu_1_006.png
M009_fea_1_004,12lCzlq6S34nH5QoPFqt86ko1j9gWhJRI,images/M009_neu_1_004.png
M009_sur_1_004,12lCzlq6S34nH5QoPFqt86ko1j9gWhJRI,images/M009_neu_1_004.png
M003_con_1_001,1U_-HctiroN0veofH2A1IgkJmuXEgdhko,images/M003_neu_1_001.png
M003_ang_1_001,1U_-HctiroN0veofH2A1IgkJmuXEgdhko,images/M003_neu_1_001.png
W011_hap_1_005,1FirG4fJR9rTDHPnGPicV_Y9x8yR96gPg,images/W011_neu_1_005.png
W011_sad_1_005,1FirG4fJR9rTDHPnGPicV_Y9x8yR96gPg,images/W011_neu_1_005.png