title,Embedded link
M003_ang_1_001,https://drive.google.com/file/d/1NMa2UXR10AthvIeYNVahJViRB4cSeNxf/preview
M003_con_1_001,https://drive.google.com/file/d/15QvBcsA5_TaSS4PHE-TOmbIGzl51S_RH/preview
M009_fea_1_004,https://drive.google.com/file/d/1iCGDkVsn9aEuVOCiGkuY_dYsyhwjkeAL/preview
M009_sur_1_004,https://drive.google.com/file/d/1op7qCaPUDDMPAXqDG5VDBEsYZhf7Ih0e/preview
W011_hap_1_005,https://drive.google.com/file/d/17xwSS_YTCBshgdTFFvEYykAYJXcq4Try/preview
W014_fea_1_006,https://drive.google.com/file/d/18_j8FyEvYxwUYTIR-U92bZiVCJ440634/preview
W014_con_1_006,https://drive.google.com/file/d/1sqCufqFl9gl1hp3VAFZuzbBxB-IWVgbZ/preview
057-SEN-01,https://drive.google.com/file/d/1o8nZCuY0BKkcsOzPHHx6-sQiIWqeyulq/preview
145-SEN-08,https://drive.google.com/file/d/1cbKVrEHG-XtEtx5-jkn4N4xBJcdv8w2s/preview
100-SEN-03,https://drive.google.com/file/d/12QPXASDr9KVorTooS6SiAJbXS_MHb0Q7/preview
037-SEN-03,https://drive.google.com/file/d/1HHkexU9nL5GbHEw2Dby1OVlbZTbIlQQO/preview
036-SEN-08,https://drive.google.com/file/d/1pyTSRWDYVkiKMP6rGzHApf7FRGxkLPTo/preview